{
    "build": {
        "core": "esp32",
        "extra_flags": "-DARDUINO_LILYGO_T_DISPLAY",
        "f_cpu": "240000000L",
        "f_flash": "80000000L",
        "flash_mode": "dio",
        "hwids": [
            [
                "0x10C4",
                "0xEA60"
            ]
        ],
        "ldscript": "esp32_out.ld",
        "mcu": "esp32",
        "variant": "lilygo_t_display"
    },
    "frameworks": [
        "arduino",
        "espidf"
    ],
    "name": "LilyGo T-Display",
    "upload": {
        "maximum_ram_size": 327680,
        "maximum_size": 4194304,
        "require_upload_port": true,
        "speed": 921600
    },
    "url": "https://github.com/Xinyuan-LilyGO/T-Display",
    "vendor": "LilyGo"
}